<?xml version='1.0' encoding='UTF-8' ?>
<timeLogEntries>
  <time id="1" path="/Lab 2/My Time" start="@1536812262187" delta="1730" />
  <time id="1" path="/Lab 2/My Time" start="@1536812262187" delta="865" />
  <time id="2" path="/Lab 2/My Time 2" start="@1537141379785" delta="420" />
  <time id="3" path="/Lab 2/My Time 2" start="@1537235877432" delta="1281" />
  <time id="4" path="/Lab 2/pittacus/Planning" start="@1536981010000" delta="103" />
  <time id="5" path="/Lab 2/pittacus/Planning" start="@1537042359000" delta="87" />
  <time id="6" path="/Lab 2/pittacus/Planning" start="@1537107238000" delta="133" />
  <time id="7" path="/Lab 2/pittacus/Design" start="@1537125430000" delta="261" />
  <time id="8" path="/Lab 2/pittacus/Code" start="@1537150615000" delta="92" />
  <time id="9" path="/Lab 2/pittacus/Test" start="@1537226382000" delta="334" />
  <time id="10" path="/Lab 2/pittacus/Test" start="@1537280477000" delta="151" />
  <time id="11" path="/Lab 2/pittacus/Code" start="@1537470686000" delta="100" />
  <time id="12" path="/Lab 2/pittacus/Design" start="@1537417502000" delta="83" />
  <time id="13" path="/Lab 2/pittacus/Compile" start="@1537478789000" delta="63" />
  <time id="14" path="/Lab 2/pittacus/Postmortem" start="@1537489829000" delta="92" />
</timeLogEntries>
