<?xml version='1.0' encoding='UTF-8' ?>
<timeLogEntries>
  <time id="4" start="@1539573010000" flag="M" />
  <time id="5" start="@1539634359000" flag="M" />
  <time id="6" start="@1539699238000" flag="M" />
  <time id="7" start="@1539717430000" flag="M" />
  <time id="8" start="@1539742615000" flag="M" />
  <time id="9" start="@1539818382000" flag="M" />
  <time id="10" start="@1539872477000" flag="M" />
  <time id="12" start="@1540009502000" flag="M" />
  <time id="11" start="@1540494686000" flag="M" />
  <time id="13" start="@1540502789000" flag="M" />
  <time id="14" start="@1540081829000" flag="M" />
</timeLogEntries>
