<?xml version='1.0' encoding='UTF-8' ?>
<timeLogEntries>
  <time id="1" path="/AED LAB1/time" start="@1534897016000" delta="292" />
  <time id="2" path="/AED LAB1/time" start="@1534912834596" delta="84" />
  <time id="3" path="/AED LAB1/time" start="@1535083788382" delta="26" />
  <time id="4" path="/AED LAB2/PSP0 lab 2/Code" start="@1537231722000" delta="281" />
  <time id="5" path="/AED LAB1/time" start="@1536770991601" delta="43" />
  <time id="6" path="/AED LAB2/PSP0 lab 2/Code" start="@1537313579000" delta="317" />
  <time id="10" path="/AED LAB2/PSP0 lab 2/Planning" start="@1536625100000" delta="71" />
  <time id="11" path="/AED LAB2/PSP0 lab 2/Planning" start="@1536707970000" delta="232" />
  <time id="14" path="/AED LAB2/PSP0 lab 2/Design" start="@1536805221000" delta="114" />
  <time id="15" path="/AED LAB2/PSP0 lab 2/Design" start="@1536887804000" delta="110" />
  <time id="16" path="/AED LAB2/PSP0 lab 2/Compile" start="@1537250541000" delta="62" />
  <time id="17" path="/AED LAB2/PSP0 lab 2/Test" start="@1537225337000" delta="45" />
  <time id="18" path="/AED LAB2/PSP0 lab 2/Postmortem" start="@1537490574000" delta="64" />
  <time id="19" path="/AED LAB2/PSP0 lab 2/Design" start="@1537483521000" delta="46" />
  <time id="20" path="/AED LAB3/LAB3/Planning" start="@1539656103791" delta="139" />
  <time id="21" path="/AED LAB3/LAB3/Design" start="@1540172747818" delta="217" />
  <time id="22" path="/AED LAB3/LAB3/Code" start="@1540264982225" delta="123" />
  <time id="23" path="/AED LAB3/LAB3/Code" start="@1540438422776" delta="203" />
  <time id="24" path="/AED LAB3/LAB3/Code" start="@1540483882641" delta="164" />
  <time id="25" path="/AED LAB3/LAB3/Code" start="@1540493807886" delta="259" />
  <time id="26" path="/AED LAB3/LAB3/Code" start="@1540509414251" delta="50" />
</timeLogEntries>
