<?xml version='1.0' encoding='UTF-8' ?>
<timeLogEntries>
  <time id="35" path="/Proyecto1/Laboratorio3/Compile" start="@1540507191000" delta="38" flag="A" />
  <time id="29" start="@1540240441000" flag="M" />
  <time id="30" start="@1540404322000" flag="M" />
  <time id="31" start="@1540422950000" flag="M" />
  <time id="32" start="@1540431963000" flag="M" />
  <time id="33" start="@1540519589000" flag="M" />
  <time id="34" start="@1540490847000" flag="M" />
  <time id="25" start="@1539807731000" flag="M" />
  <time id="26" start="@1539804774000" flag="M" />
  <time id="27" start="@1539900192000" flag="M" />
  <time id="24" start="@1539649904000" flag="M" />
  <time id="36" path="/Proyecto1/Laboratorio3/Test" start="@1540510955000" delta="22" flag="A" />
  <time id="37" path="/Proyecto1/Laboratorio3/Postmortem" start="@1540514570437" delta="7" flag="A" />
</timeLogEntries>
