<?xml version='1.0' encoding='UTF-8' ?>
<timeLogEntries>
  <time id="10" path="/Proyecto/Laboratorio2/Planning" start="@1536536020991" delta="125" />
  <time id="11" path="/Proyecto/Laboratorio2/Design" start="@1536720260000" delta="138" />
  <time id="12" path="/Proyecto/Laboratorio2/Code" start="@1536795313000" delta="301" />
  <time id="13" path="/Proyecto/Lab2" start="@1537127594092" delta="44" />
  <time id="14" path="/Proyecto/Laboratorio2/Code" start="@1537146562000" delta="196" />
  <time id="15" path="/Proyecto/Laboratorio2/Planning" start="@1536527858000" delta="83" />
  <time id="16" path="/Proyecto/Laboratorio2/Design" start="@1536695770000" delta="49" />
  <time id="17" path="/Proyecto/Laboratorio2/Code" start="@1536974462000" delta="173" />
  <time id="18" path="/Proyecto/Laboratorio2/Code" start="@1537039339000" delta="87" />
  <time id="19" path="/Proyecto/Laboratorio2/Compile" start="@1537230229000" delta="65" />
  <time id="20" path="/Proyecto/Laboratorio2/Test" start="@1537237479000" delta="36" />
  <time id="21" path="/Proyecto/Laboratorio2/Postmortem" start="@1537494974000" delta="72" />
  <time id="22" path="/Proyecto/Laboratorio2/Code" start="@1537222568000" delta="83" />
  <time id="23" path="/Proyecto1/Laboratorio3/Planning" start="@1539543622000" delta="30" />
  <time id="24" path="/Proyecto1/Laboratorio3/Planning" start="@1539630104000" delta="47" />
  <time id="25" path="/Proyecto1/Laboratorio3/Design" start="@1539802931000" delta="26" />
  <time id="26" path="/Proyecto1/Laboratorio3/Design" start="@1539802974000" delta="41" />
  <time id="27" path="/Proyecto1/Laboratorio3/Design" start="@1539889392000" delta="23" />
  <time id="28" path="/Proyecto1/Laboratorio3/Code" start="@1540148617000" delta="97" />
  <time id="29" path="/Proyecto1/Laboratorio3/Code" start="@1540235041000" delta="73" />
  <time id="30" path="/Proyecto1/Laboratorio3/Code" start="@1540407922000" delta="226" />
  <time id="31" path="/Proyecto1/Laboratorio3/Code" start="@1540407950000" delta="54" />
  <time id="32" path="/Proyecto1/Laboratorio3/Code" start="@1540407963000" delta="169" />
  <time id="33" path="/Proyecto1/Laboratorio3/Code" start="@1540494389534" delta="109" />
  <time id="34" path="/Proyecto1/Laboratorio3/Code" start="@1540494447120" delta="238" />
</timeLogEntries>
